,name,story,translation,agency,power
0,Tereus,tereus_philomena,More_translation,0.6933333333333334,0.11702127659574468
1,Procne,tereus_philomena,More_translation,0.6307692307692307,0.38461538461538464
2,Philomela,tereus_philomena,More_translation,0.46551724137931033,0.024390243902439025
3,Pandion,tereus_philomena,More_translation,0.42105263157894735,-0.09090909090909091
4,Itys,tereus_philomena,More_translation,0.7857142857142857,-0.19230769230769232
