,name,story,translation,agency_introduction,power_introduction,agency_kidnapping,power_kidnapping,agency_escape,power_escape,agency_revenge,power_revenge
0,Tereus,tereus_philomena,Kline_translation,0.5333333333333333,0.24324324324324326,0.8076923076923077,0.5862068965517241,,,0.6153846153846154,-0.17647058823529413
1,Procne,tereus_philomena,Kline_translation,0.2,-0.2222222222222222,0.5,1.0,0.75,0.6666666666666666,0.6521739130434783,0.5172413793103449
2,Philomela,tereus_philomena,Kline_translation,0.625,-0.15,0.9166666666666666,-0.23809523809523808,0.5833333333333334,0.0,0.6,0.36363636363636365
3,Pandion,tereus_philomena,Kline_translation,0.6363636363636364,-0.21428571428571427,,,,,,
4,Itys,tereus_philomena,Kline_translation,,,,,,,0.8571428571428571,-0.3076923076923077
