,name,story,translation,agency_introduction,power_introduction,agency_kidnapping,power_kidnapping,agency_escape,power_escape,agency_revenge,power_revenge
0,Tereus,tereus_philomena,More_translation,0.7,0.23404255319148937,0.7142857142857143,0.2916666666666667,,,0.6428571428571429,-0.30434782608695654
1,Procne,tereus_philomena,More_translation,1.0,-0.2222222222222222,0.3333333333333333,0.3333333333333333,0.782608695652174,0.5416666666666666,0.5454545454545454,0.4358974358974359
2,Philomela,tereus_philomena,More_translation,0.5714285714285714,-0.20833333333333334,0.3125,0.0,0.2857142857142857,0.05555555555555555,0.7142857142857143,0.375
3,Pandion,tereus_philomena,More_translation,0.42105263157894735,-0.09090909090909091,,,,,,
4,Itys,tereus_philomena,More_translation,,-1.0,,,,,0.7857142857142857,-0.16
