gender,power_sum,agency_sum,dominance_sum,count,power_mean,agency_mean,dom_mean
he/him/his,344,584,299.3939999999999,594,0.5791245791245792,0.9831649831649831,0.5040303030303028
she/her,160,291,77.03,363,0.44077134986225897,0.8016528925619835,0.2122038567493113
they/them/their,65,141,38.403999999999996,397,0.163727959697733,0.35516372795969775,0.09673551637279595
