gender,power_sum,agency_sum,count,power_mean,agency_mean
he/him/his,344,584,594,0.5791245791245792,0.9831649831649831
she/her,160,291,363,0.44077134986225897,0.8016528925619835
they/them/their,65,141,397,0.163727959697733,0.35516372795969775
