,character,gender,power_score,agency_score,dom_score
0,0,he/him/his,80,192,82.4739999999999
1,456,he/him/his,16,17,10.317999999999998
2,549,he/him/his,15,21,0.6280000000000001
10,475,he/him/his,13,10,2.174
6,1048,he/him/his,10,12,4.934
9,835,she/her,9,9,4.596000000000002
12,561,he/him/his,9,7,0.2620000000000002
74,1049,he/him/his,8,7,0.15200000000000005
55,1181,he/him/his,8,6,2.0079999999999996
58,512,she/her,8,14,0.408
