,character,gender,power_score,agency_score,dom_score
0,0,he/him/his,80,192,82.4739999999999
2,549,he/him/his,15,21,0.6280000000000001
1,456,he/him/his,16,17,10.317999999999998
58,512,she/her,8,14,0.408
6,1048,he/him/his,10,12,4.934
27,1554,he/him/his,0,12,0.7120000000000001
38,1129,he/him/his,6,11,0.626
19,996,she/her,2,11,2.62
4,488,she/her,5,10,3.5779999999999994
18,1126,he/him/his,4,10,3.16
