gender,power_sum,agency_sum,dominance_sum,count,power_mean,agency_mean,dom_mean
he/him/his,248,559,231.61999999999998,554,0.44765342960288806,1.0090252707581226,0.4180866425992779
she/her,182,311,82.39,356,0.5112359550561798,0.8735955056179775,0.23143258426966293
they/them/their,113,191,41.13,401,0.2817955112219451,0.4763092269326683,0.10256857855361597
