gender,power_sum,agency_sum,count,power_mean,agency_mean
he/him/his,248,559,554,0.44765342960288806,1.0090252707581226
she/her,182,311,356,0.5112359550561798,0.8735955056179775
they/them/their,113,191,401,0.2817955112219451,0.4763092269326683
