,character,gender,power_score,agency_score,dom_score
0,0,he/him/his,24,140,50.63599999999998
1,5864,she/her,11,21,3.8079999999999985
2,499,he/him/his,11,19,5.858
3,605,he/him/his,3,18,5.936000000000001
6,519,he/him/his,11,18,4.91
8,1792,she/her,1,15,6.577999999999999
11,776,he/him/his,16,15,1.496
39,686,she/her,0,13,0.050000000000000044
14,913,she/her,2,12,0.9740000000000018
12,553,he/him/his,5,11,8.416
