,character,gender,power_score,agency_score,dom_score
0,0,he/him/his,24,140,50.63599999999998
11,776,he/him/his,16,15,1.496
6,519,he/him/his,11,18,4.91
2,499,he/him/his,11,19,5.858
1,5864,she/her,11,21,3.8079999999999985
31,1327,she/her,9,-1,2.75
99,509,he/him/his,8,7,1.586
4,1482,he/him/his,7,11,3.7079999999999997
62,3342,she/her,7,5,0.08399999999999999
34,988,she/her,7,10,-0.5560000000000002
